{
    "Logistic Regression": {
        "Accuracy": 0.942,
        "Precision": 0.676056338028169,
        "Recall": 0.42857142857142855,
        "F1-Score": 0.5245901639344263,
        "ROC-AUC": 0.9460297447509263,
        "PR-AUC": 0.6463200817532295
    },
    "Random Forest": {
        "Accuracy": 0.9466666666666667,
        "Precision": 0.7857142857142857,
        "Recall": 0.39285714285714285,
        "F1-Score": 0.5238095238095238,
        "ROC-AUC": 0.944164265129683,
        "PR-AUC": 0.6267733885569501
    },
    "XGBoost": {
        "Accuracy": 0.9253333333333333,
        "Precision": 0.5,
        "Recall": 0.6339285714285714,
        "F1-Score": 0.5590551181102362,
        "ROC-AUC": 0.9375771922601894,
        "PR-AUC": 0.6133433879153201
    }
}