{
    "Logistic Regression": {
        "Accuracy": 0.9526666666666667,
        "Precision": 0.7611940298507462,
        "Recall": 0.4811320754716981,
        "F1-Score": 0.5895953757225434,
        "ROC-AUC": 0.926829268292683,
        "PR-AUC": 0.6492482713814136
    },
    "Random Forest": {
        "Accuracy": 0.9566666666666667,
        "Precision": 0.8253968253968254,
        "Recall": 0.49056603773584906,
        "F1-Score": 0.6153846153846154,
        "ROC-AUC": 0.9251915216155491,
        "PR-AUC": 0.6787913694539824
    },
    "XGBoost": {
        "Accuracy": 0.9353333333333333,
        "Precision": 0.5371900826446281,
        "Recall": 0.6132075471698113,
        "F1-Score": 0.5726872246696035,
        "ROC-AUC": 0.923614682872689,
        "PR-AUC": 0.6508892891397655
    }
}